video,category,true_label,baseline_pred,baseline_prob,blur_cv,blur_anomaly,blur_fusion_pred,blur_fusion_prob,temporal_std,temporal_anomaly,temporal_fusion_pred,temporal_fusion_prob,mediadna_pred,mediadna_prob
00268.mp4,RealVideo-RealAudio,0,1,0.84521484375,0.07768981530833786,0.0,1,0.6761718750000001,2.1899454593658447,0.0,1,0.6761718750000001,1,0.6761718750000001
00191.mp4,RealVideo-RealAudio,0,0,0.495361328125,0.17688182536138827,0.4002147380165837,0,0.47633201010331677,2.661409616470337,0.01635574753332044,0,0.3995602120066641,0,0.43794611105499043
00031.mp4,RealVideo-RealAudio,0,0,0.36865234375,0.2319507455408752,0.8361459790269927,0,0.4621510708053985,2.9551687240600586,0.12853831257005438,0,0.32062953751401085,0,0.3913903041597047
03168.mp4,RealVideo-RealAudio,0,1,0.85546875,0.10971236391603893,0.0,1,0.6843750000000001,2.0341427326202393,0.0,1,0.6843750000000001,1,0.6843750000000001
00019.mp4,RealVideo-RealAudio,0,1,0.50244140625,0.07845382594494998,0.0,0,0.401953125,2.595012664794922,0.0,0,0.401953125,0,0.401953125
00093.mp4,RealVideo-RealAudio,0,0,0.341064453125,0.12943973095875377,0.02465823497156377,0,0.2777832094943128,2.7984094619750977,0.06867410526684614,0,0.28658638355336924,0,0.28218479652384104
00384.mp4,RealVideo-RealAudio,0,0,0.378173828125,0.21428118339056393,0.6962719061163533,0,0.4417934437232707,2.1199779510498047,0.0,0,0.3025390625,0,0.3721662531116353
00122.mp4,RealVideo-RealAudio,0,0,0.3427734375,0.10758899046781335,0.0,0,0.27421875,1.4346036911010742,0.0,0,0.27421875,0,0.27421875
00019.mp4,RealVideo-RealAudio,0,1,0.90673828125,0.12346524266445007,0.0,1,0.7253906250000001,1.680964708328247,0.0,1,0.7253906250000001,1,0.7253906250000001
00382.mp4,RealVideo-RealAudio,0,1,0.8203125,0.09836309822435009,0.0,1,0.65625,1.697668194770813,0.0,1,0.65625,1,0.65625
00311.mp4,RealVideo-RealAudio,0,0,0.337646484375,0.1750535017107098,0.385741539787688,0,0.3472654954575376,4.333300590515137,0.6548279279161002,0,0.40108277308322005,0,0.3741741342703788
00146.mp4,RealVideo-RealAudio,0,0,0.427734375,0.06390679963665806,0.0,0,0.34218750000000003,1.8434325456619263,0.0,0,0.34218750000000003,0,0.34218750000000003
00320.mp4,RealVideo-RealAudio,0,0,0.423828125,0.16744488446689526,0.3255109424442379,0,0.4041646884888476,3.16025972366333,0.20685974604055757,0,0.38043444920811154,0,0.3922995688484796
00180.mp4,RealVideo-RealAudio,0,0,0.4140625,0.1253298987237611,0.0,0,0.33125000000000004,3.9358060359954834,0.5030302216933952,0,0.4318560443386791,0,0.38155302216933956
00138.mp4,RealVideo-RealAudio,0,0,0.368408203125,0.13142343288495237,0.04036142362432789,0,0.3027988472248656,2.9278564453125,0.11810812876387712,0,0.31834818825277544,0,0.3105735177388205
00187.mp4,RealVideo-RealAudio,0,0,0.440185546875,0.0846818147066724,0.0,0,0.3521484375,1.4683257341384888,0.0,0,0.3521484375,0,0.3521484375
00317.mp4,RealVideo-RealAudio,0,0,0.42431640625,0.06346760223763702,0.0,0,0.339453125,1.839979648590088,0.0,0,0.339453125,0,0.339453125
002121.mp4,RealVideo-RealAudio,0,1,0.97314453125,0.08793778261468112,0.0,1,0.778515625,2.4960334300994873,0.0,1,0.778515625,1,0.778515625
00424.mp4,RealVideo-RealAudio,0,0,0.344970703125,0.176756088676489,0.39921939347541563,0,0.35582044119508316,3.2843477725982666,0.25424726615573645,0,0.32682601573114733,0,0.34132322846311525
00249.mp4,RealVideo-RealAudio,0,0,0.347900390625,0.11996918534229742,0.0,0,0.2783203125,2.447999954223633,0.0,0,0.2783203125,0,0.2783203125
00405.mp4,RealVideo-RealAudio,0,0,0.3349609375,0.0909181196597942,0.0,0,0.26796875000000003,1.9853906631469727,0.0,0,0.26796875000000003,0,0.26796875000000003
00307.mp4,RealVideo-RealAudio,0,1,0.6611328125,0.0853853222613745,0.0,1,0.52890625,2.749063014984131,0.04982937550062061,1,0.5388721251001242,1,0.5338891875500621
00051.mp4,RealVideo-RealAudio,0,1,0.52685546875,0.09125196491979654,0.0,0,0.421484375,2.7551400661468506,0.05215011780164065,0,0.43191439856032815,0,0.4266993867801641
00019.mp4,RealVideo-RealAudio,0,0,0.352294921875,0.07462819788031289,0.0,0,0.2818359375,1.5227017402648926,0.0,0,0.2818359375,0,0.2818359375
00111.mp4,RealVideo-RealAudio,0,1,0.5654296875,0.1653730691180055,0.3091102388669349,1,0.514165797773387,2.0857996940612793,0.0,0,0.45234375000000004,0,0.4832547738866935
00405_fake.mp4,RealVideo-FakeAudio,1,1,0.9375,0.09305859274678954,0.0,1,0.75,2.371342420578003,0.0,1,0.75,1,0.75
00191_fake.mp4,RealVideo-FakeAudio,1,1,0.98388671875,0.17922285162364726,0.4187465428970554,1,0.8708586835794111,2.6859278678894043,0.02571893071076947,1,0.7922531611421539,1,0.8315559223607825
00031_fake.mp4,RealVideo-FakeAudio,1,1,0.96826171875,0.237672883900145,0.8814430153236829,1,0.9508979780647366,3.015281915664673,0.1514947140994626,1,0.8049083178198926,1,0.8779031479423146
00268_fake.mp4,RealVideo-FakeAudio,1,1,0.95556640625,0.0818856203998711,0.0,1,0.7644531250000001,2.1663436889648438,0.0,1,0.7644531250000001,1,0.7644531250000001
02561_fake.mp4,RealVideo-FakeAudio,1,1,0.93115234375,0.12763170904893265,0.010345747413183655,1,0.7469910244826368,2.798953056335449,0.06888169648055895,1,0.7586982142961118,1,0.7528446193893743
00019_fake.mp4,RealVideo-FakeAudio,1,1,0.94384765625,0.08803272643703756,0.0,1,0.755078125,2.6263790130615234,0.002978041638755177,1,0.7556737333277511,1,0.7553759291638755
00257_fake.mp4,RealVideo-FakeAudio,1,1,0.9462890625,0.06897815635059176,0.0,1,0.75703125,2.169260025024414,0.0,1,0.75703125,1,0.75703125
00384_fake.mp4,RealVideo-FakeAudio,1,1,0.9521484375,0.2117621100923717,0.6763306625710298,1,0.8969848825142059,2.1606013774871826,0.0,1,0.76171875,1,0.829351816257103
00122_fake.mp4,RealVideo-FakeAudio,1,0,0.421142578125,0.10803553958203121,0.0,0,0.3369140625,1.4950764179229736,0.0,0,0.3369140625,0,0.3369140625
00111_fake.mp4,RealVideo-FakeAudio,1,1,0.9580078125,0.16302755584880338,0.29054291437760277,1,0.8245148328755206,2.1449882984161377,0.0,1,0.7664062500000001,1,0.7954605414377603
00019_fake.mp4,RealVideo-FakeAudio,1,1,0.9580078125,0.11267003711166779,0.0,1,0.7664062500000001,1.7038711309432983,0.0,1,0.7664062500000001,1,0.7664062500000001
00019_fake.mp4,RealVideo-FakeAudio,1,1,0.94091796875,0.08210336037941444,0.0,1,0.7527343750000001,1.5461980104446411,0.0,1,0.7527343750000001,1,0.7527343750000001
00320_fake.mp4,RealVideo-FakeAudio,1,1,0.96484375,0.15217113566391344,0.20460237461934486,1,0.812795474923869,3.195418357849121,0.22028634512887887,1,0.8159322690257759,1,0.8143638719748225
00311_fake.mp4,RealVideo-FakeAudio,1,1,0.60791015625,0.16856546372073253,0.3343815631715672,1,0.5532044376343135,4.326747417449951,0.6523253612055256,1,0.6167931972411052,1,0.5849988174377093
00146_fake.mp4,RealVideo-FakeAudio,1,1,0.927734375,0.07074683871804521,0.0,1,0.7421875,1.8697702884674072,0.0,1,0.7421875,1,0.7421875
00161_fake.mp4,RealVideo-FakeAudio,1,1,0.8984375,0.1924146486766723,0.5231741663503439,1,0.8233848332700688,2.102627992630005,0.0,1,0.71875,1,0.7710674166350344
00138_fake.mp4,RealVideo-FakeAudio,1,1,0.90380859375,0.12830909823211104,0.01570802991858821,1,0.7261884809837177,2.9723246097564697,0.1350899094845861,1,0.7500648568969173,1,0.7381266689403175
00187_fake.mp4,RealVideo-FakeAudio,1,1,0.9228515625,0.09049014928305701,0.0,1,0.73828125,1.6719948053359985,0.0,1,0.73828125,1,0.73828125
03168_fake.mp4,RealVideo-FakeAudio,1,1,0.99755859375,0.11375654085892428,0.0,1,0.798046875,2.6893646717071533,0.027031398844835297,1,0.8034531547689671,1,0.8007500148844836
00382_fake.mp4,RealVideo-FakeAudio,1,1,0.9208984375,0.09649882408431593,0.0,1,0.7367187500000001,1.7199454307556152,0.0,1,0.7367187500000001,1,0.7367187500000001
002121_fake.mp4,RealVideo-FakeAudio,1,1,0.99853515625,0.09020212275031958,0.0,1,0.798828125,2.7153666019439697,0.03696117856743116,1,0.8062203607134862,1,0.8025242428567431
00424_fake.mp4,RealVideo-FakeAudio,1,1,0.71142578125,0.1755502654069034,0.3896739723442876,1,0.6470754194688576,3.35746431350708,0.2821694680342221,1,0.6255745186068444,1,0.6363249690378511
00249_fake.mp4,RealVideo-FakeAudio,1,1,0.81787109375,0.12046592030351065,0.0,1,0.654296875,2.4775211811065674,0.0,1,0.654296875,1,0.654296875
00093_fake.mp4,RealVideo-FakeAudio,1,1,0.89013671875,0.13222070193744448,0.04667268751581677,1,0.7214439125031634,2.9664008617401123,0.1328277115477842,1,0.7386749173095569,1,0.7300594149063602
00307_fake.mp4,RealVideo-FakeAudio,1,1,0.90869140625,0.09593522238951643,0.0,1,0.7269531250000001,2.8076272010803223,0.0721942331197253,1,0.7413919716239451,1,0.7341725483119727
00051_fake.mp4,RealVideo-FakeAudio,1,1,0.9580078125,0.08936229429287049,0.0,1,0.7664062500000001,2.84273624420166,0.08560189406223422,1,0.783526628812447,1,0.7749664394062235
00317_fake.mp4,RealVideo-FakeAudio,1,1,0.78173828125,0.0756038712645962,0.0,1,0.6253906250000001,1.8652371168136597,0.0,1,0.6253906250000001,1,0.6253906250000001
00180_fake.mp4,RealVideo-FakeAudio,1,1,0.94091796875,0.13355249747494438,0.057215318087511166,1,0.7641774386175023,3.975969076156616,0.5183679346307655,1,0.8564079619261532,1,0.8102927002718278
00069_id04111_wavtolip.mp4,FakeVideo-RealAudio,1,1,0.58935546875,0.1727103855415191,0.36719319098880704,1,0.5449230131977614,3.481409788131714,0.32950254098019033,1,0.537384883196038,1,0.5411539481968998
00320_id01835_wavtolip.mp4,FakeVideo-RealAudio,1,1,0.53466796875,0.16778168786228023,0.32817711279310524,0,0.49336979755862104,3.1252176761627197,0.19347766980465098,0,0.4664299089609302,0,0.47989985325977563
00054_id04582_wavtolip.mp4,FakeVideo-RealAudio,1,0,0.36328125,0.10078346815246364,0.0,0,0.290625,3.1610546112060547,0.20716330266622357,0,0.33205766053324476,0,0.31134133026662236
00186_id00414_wavtolip.mp4,FakeVideo-RealAudio,1,0,0.44580078125,0.09498547144789077,0.0,0,0.35664062500000004,2.5958027839660645,0.0,0,0.35664062500000004,0,0.35664062500000004
00083_id06753_wavtolip.mp4,FakeVideo-RealAudio,1,0,0.447265625,0.1555921871704087,0.23168377051245945,0,0.4041492541024919,1.675497055053711,0.0,0,0.35781250000000003,0,0.380980877051246
00021_id06807_wavtolip.mp4,FakeVideo-RealAudio,1,0,0.355712890625,0.887311626577572,1.0,0,0.48457031250000004,3.5687379837036133,0.3628519784143746,0,0.35714070818287497,0,0.42085551034143753
00078_id00460_wavtolip.mp4,FakeVideo-RealAudio,1,0,0.42041015625,0.1572465280305925,0.244779703061774,0,0.38528406561235484,2.142146110534668,0.0,0,0.33632812500000003,0,0.3608060953061774
00072_id03620_YkXM5A8w07E.mp4,FakeVideo-RealAudio,1,0,0.484130859375,0.17891194949419073,0.41628540963558913,0,0.47056176942711786,2.221879005432129,0.0,0,0.3873046875,0,0.42893322846355897
00065_id02948__ZEDGNWjuFE.mp4,FakeVideo-RealAudio,1,1,0.55419921875,0.24939339021294024,0.9742237498206412,1,0.6382041249641283,2.3153624534606934,0.0,0,0.443359375,1,0.5407817499820642
00015_id00097_PchMB8-P1lw.mp4,FakeVideo-RealAudio,1,0,0.33447265625,0.174482711792301,0.38122310803567283,0,0.3438227466071346,3.0876917839050293,0.17914704740012158,0,0.30340753448002433,0,0.3236151405435794
00044_id00366_RSOgEoek8WM.mp4,FakeVideo-RealAudio,1,0,0.499755859375,0.0717735037627872,0.0,0,0.39980468750000003,2.3412835597991943,0.0,0,0.39980468750000003,0,0.39980468750000003
00017_id00518_qm7oQcDg4oI.mp4,FakeVideo-RealAudio,1,0,0.395263671875,0.16668301811391434,0.31947992996648167,0,0.38010692349329633,3.373337745666504,0.2882313135721919,0,0.3738572002144384,0,0.3769820618538674
00072_id04540_9KNIjew03AQ.mp4,FakeVideo-RealAudio,1,0,0.35791015625,0.2178925295868471,0.7248596943630232,0,0.43130006387260467,2.566201686859131,0.0,0,0.286328125,0,0.3588140944363023
00114_id07194_wavtolip.mp4,FakeVideo-RealAudio,1,1,0.78662109375,0.07830203761566451,0.0,1,0.6292968750000001,2.1794676780700684,0.0,1,0.6292968750000001,1,0.6292968750000001
00021_id00103_qpTVaP4y5DQ.mp4,FakeVideo-RealAudio,1,0,0.377197265625,0.07507311262221592,0.0,0,0.3017578125,4.379090785980225,0.6723145741105099,0,0.436220727322102,0,0.36898926991105097
00028_id03941_SsYtP8Ze88Q.mp4,FakeVideo-RealAudio,1,0,0.416748046875,0.35235713392562207,1.0,1,0.5333984375,0.91746985912323,0.0,0,0.33339843750000003,0,0.43339843750000007
00167_id00391_TjJgUZaenWI.mp4,FakeVideo-RealAudio,1,0,0.370361328125,0.20549856355444657,0.6267477833988093,0,0.42163861917976186,1.7508662939071655,0.0,0,0.29628906250000003,0,0.358963840839881
00028_id00769_BqHVSZdoVpM.mp4,FakeVideo-RealAudio,1,1,0.51318359375,0.12606812926745845,0.0,0,0.41054687500000003,3.065894842147827,0.17082309497412781,0,0.44471149399482557,0,0.42762918449741283
00072_id00434_wavtolip.mp4,FakeVideo-RealAudio,1,0,0.359375,0.16988272739032678,0.3448091579809902,0,0.3564618315961981,2.041999578475952,0.0,0,0.28750000000000003,0,0.32198091579809907
00300_id00097_wavtolip.mp4,FakeVideo-RealAudio,1,0,0.33056640625,0.12152385524183687,0.0,0,0.264453125,1.3316763639450073,0.0,0,0.264453125,0,0.264453125
00063_id00860_wavtolip.mp4,FakeVideo-RealAudio,1,1,0.5400390625,0.2039874360582849,0.6147855425816725,1,0.5549883585163345,3.81781005859375,0.4579691799522468,1,0.5236250859904494,1,0.5393067222533919
00130_id00305_wavtolip.mp4,FakeVideo-RealAudio,1,1,0.53173828125,0.11055005411010498,0.0,0,0.425390625,1.6498031616210938,0.0,0,0.425390625,0,0.425390625
00417_id00488_wavtolip.mp4,FakeVideo-RealAudio,1,0,0.386474609375,0.13834684571117853,0.09516787226227309,0,0.32821326195245465,3.1292295455932617,0.19500974759111825,0,0.3481816370182237,0,0.33819744948533914
00052_id01544_wavtolip.mp4,FakeVideo-RealAudio,1,0,0.466796875,0.20963907407157284,0.6595244908821687,1,0.5053423981764338,1.2991664409637451,0.0,0,0.37343750000000003,0,0.43938994908821694
00032_id09174_Qspzu6tyArc.mp4,FakeVideo-RealAudio,1,0,0.345458984375,0.11489267012629596,0.0,0,0.2763671875,3.3022217750549316,0.2610731019894362,0,0.32858180789788727,0,0.30247449769894363
00015_id00462_wavtolip.mp4,FakeVideo-RealAudio,1,1,0.5458984375,0.1694664147440603,0.3415135842173543,1,0.5050214668434709,2.7448232173919678,0.04821025508243867,0,0.4463608010164878,0,0.47569113392997936
00253_id01182_zca-PHR_U40.mp4,FakeVideo-RealAudio,1,0,0.35400390625,0.24647535966991618,0.9511243196560273,0,0.47342798893120547,3.1066272258758545,0.18637823239322893,0,0.3204787714786458,0,0.3969533802049256
00231_id07236_Fe0sdHw3sc4.mp4,FakeVideo-RealAudio,1,0,0.346435546875,0.12444230804377962,0.0,0,0.2771484375,1.4936301708221436,0.0,0,0.2771484375,0,0.2771484375
00005_id07383_wavtolip.mp4,FakeVideo-RealAudio,1,1,0.6171875,0.08689464226562825,0.0,0,0.49375,2.1152384281158447,0.0,0,0.49375,0,0.49375
00347_id07768_wavtolip.mp4,FakeVideo-RealAudio,1,1,0.51416015625,0.11675743825954235,0.0,0,0.41132812500000004,2.9820587635040283,0.13880724899049243,0,0.4390895747980985,0,0.4252088498990493
00160_id00971_wavtolip.mp4,FakeVideo-RealAudio,1,0,0.346923828125,0.11735088361536004,0.0,0,0.2775390625,0.8229156732559204,0.0,0,0.2775390625,0,0.2775390625
00174_id02824_wavtolip.mp4,FakeVideo-RealAudio,1,0,0.429443359375,0.1238822751849223,0.0,0,0.3435546875,1.9273653030395508,0.0,0,0.3435546875,0,0.3435546875
00001_id04939_wavtolip.mp4,FakeVideo-RealAudio,1,0,0.3447265625,0.2256729829309705,0.7864505639655602,0,0.4330713627931121,4.669318675994873,0.7831486156971121,0,0.43241097313942245,0,0.43274116796626727
00043_id01004_867Wlj7Gw68_faceswap.mp4,FakeVideo-RealAudio,1,0,0.4189453125,0.08805779060393358,0.0,0,0.33515625000000004,2.1340761184692383,0.0,0,0.33515625000000004,0,0.33515625000000004
00002_id04374_wavtolip.mp4,FakeVideo-RealAudio,1,0,0.327880859375,0.18134025422490854,0.43550811985694515,0,0.34940631147138906,2.7605457305908203,0.05421446674396979,0,0.273147580848794,0,0.3112769461600915
00283_2.mp4,FakeVideo-RealAudio,1,1,0.8974609375,0.17804198639943997,0.4093986922223571,1,0.7998484884444714,2.52903151512146,0.0,1,0.71796875,1,0.7589086192222357
00336_id01048_wavtolip.mp4,FakeVideo-RealAudio,1,1,0.73583984375,0.11057527482780984,0.0,1,0.5886718750000001,0.7584938406944275,0.0,1,0.5886718750000001,1,0.5886718750000001
00053_id06343_wavtolip.mp4,FakeVideo-RealAudio,1,0,0.43212890625,0.1602326398866851,0.2684180719090215,0,0.3993867393818043,2.5882813930511475,0.0,0,0.345703125,0,0.3725449321909021
00006_id01933_wavtolip.mp4,FakeVideo-RealAudio,1,0,0.384521484375,0.1070944228474556,0.0,0,0.3076171875,1.9408445358276367,0.0,0,0.3076171875,0,0.3076171875
00017_id01157_wavtolip.mp4,FakeVideo-RealAudio,1,0,0.352783203125,0.1280368609474798,0.013552971548970697,0,0.28493715680979415,2.0053799152374268,0.0,0,0.2822265625,0,0.2835818596548971
00005_id00068_wavtolip.mp4,FakeVideo-RealAudio,1,0,0.358154296875,0.07808230039159285,0.0,0,0.28652343750000003,2.3215301036834717,0.0,0,0.28652343750000003,0,0.28652343750000003
00051_id05268_wavtolip.mp4,FakeVideo-RealAudio,1,0,0.31689453125,0.09839643551650586,0.0,0,0.253515625,2.666012763977051,0.01811362628908936,0,0.2571383502578179,0,0.255326987628909
00028_id00261_gYQ5Scz5FnA.mp4,FakeVideo-RealAudio,1,0,0.359130859375,0.11763514439472418,0.0,0,0.2873046875,3.3900585174560547,0.29461674646697544,0,0.3462280367933951,0,0.3167663621466975
00028_id00832_Jr4-dXRChME.mp4,FakeVideo-RealAudio,1,0,0.373779296875,0.13172909099662802,0.04278104470121439,0,0.3075796464402429,2.9551446437835693,0.12852911664348202,0,0.3247292608286964,0,0.31615445363446965
00040_id00365_XV-imLNJvfk.mp4,FakeVideo-RealAudio,1,0,0.33251953125,0.1480649247655635,0.17209718644906832,0,0.3004350622898137,1.0081990957260132,0.0,0,0.26601562500000003,0,0.28322534364490687
00023_id03559_wavtolip.mp4,FakeVideo-RealAudio,1,1,0.53173828125,0.11841401435075785,0.0,0,0.425390625,1.9867764711380005,0.0,0,0.425390625,0,0.425390625
00280_id00088_wavtolip.mp4,FakeVideo-RealAudio,1,0,0.337158203125,0.09538005192039392,0.0,0,0.2697265625,2.2300612926483154,0.0,0,0.2697265625,0,0.2697265625
00026_id00582_9gvF6IohoUI.mp4,FakeVideo-RealAudio,1,0,0.412353515625,0.12644926770416948,0.000985420005917109,0,0.3300798965011834,2.3767411708831787,0.0,0,0.3298828125,0,0.32998135450059174
00065_id03747_wavtolip.mp4,FakeVideo-RealAudio,1,0,0.348876953125,0.11567775645263541,0.0,0,0.2791015625,2.2918903827667236,0.0,0,0.2791015625,0,0.2791015625
00028_id02051_wavtolip.mp4,FakeVideo-RealAudio,1,1,0.86181640625,0.17354581995137439,0.37380657577797666,1,0.7642144401555954,1.6222915649414062,0.0,1,0.689453125,1,0.7268337825777976
00221_id07194_wavtolip.mp4,FakeVideo-RealAudio,1,1,0.76513671875,0.12119058124791102,0.0,1,0.6121093750000001,1.921348214149475,0.0,1,0.6121093750000001,1,0.6121093750000001
00025_id00488_wavtolip.mp4,FakeVideo-RealAudio,1,0,0.388916015625,0.19250944188829922,0.5239245591717248,0,0.415917724334345,1.5543856620788574,0.0,0,0.3111328125,0,0.3635252684171725
00424_0.mp4,FakeVideo-RealAudio,1,0,0.33056640625,0.17468768627140205,0.38284570711258864,0,0.34102226642251776,2.74406099319458,0.04791917213935102,0,0.2740369594278702,0,0.307529612925194
00021_id00350_wavtolip.mp4,FakeVideo-RealAudio,1,1,0.59912109375,0.06661756345508506,0.0,0,0.479296875,4.02971887588501,0.5388942442768426,1,0.5870757238553685,1,0.5331862994276843
00083_id05235_ASy8lP3SRtw_faceswap.mp4,FakeVideo-RealAudio,1,0,0.387451171875,0.44588294482782626,1.0,1,0.5099609375,1.0783019065856934,0.0,0,0.30996093750000003,0,0.40996093750000007
00043_id01223_TO3ym8Gwp7k.mp4,FakeVideo-RealAudio,1,0,0.441162109375,0.11298091249243727,0.0,0,0.35292968750000003,2.0167734622955322,0.0,0,0.35292968750000003,0,0.35292968750000003
00231_id07689_wavtolip.mp4,FakeVideo-RealAudio,1,1,0.5205078125,0.12353967344949138,0.0,0,0.41640625000000003,1.4348348379135132,0.0,0,0.41640625000000003,0,0.41640625000000003
00072_id01099_wavtolip.mp4,FakeVideo-RealAudio,1,1,0.7578125,0.09004981232479434,0.0,1,0.6062500000000001,1.973738193511963,0.0,1,0.6062500000000001,1,0.6062500000000001
00143_id01124_wavtolip.mp4,FakeVideo-RealAudio,1,1,0.7314453125,0.06840900846349868,0.0,1,0.58515625,2.2417571544647217,0.0,1,0.58515625,1,0.58515625
00025_id07901_wavtolip.mp4,FakeVideo-RealAudio,1,0,0.333251953125,0.3687306059548182,1.0,0,0.4666015625,1.1538690328598022,0.0,0,0.2666015625,0,0.3666015625
00021_id01210_sMdOO7NqsGY.mp4,FakeVideo-RealAudio,1,1,0.892578125,0.1802457630204086,0.4268440148137094,1,0.7994313029627419,2.8447105884552,0.08635586899239024,1,0.7313336737984781,1,0.76538248838061
00167_id00775_wavtolip.mp4,FakeVideo-RealAudio,1,1,0.66796875,0.16769604738846472,0.3274991739864347,1,0.599874834797287,3.972580909729004,0.5170740404474002,1,0.6377898080894802,1,0.6188323214433835
00118_id04601_x4Apx8z6nOg.mp4,FakeVideo-RealAudio,1,0,0.423583984375,0.11732999020415746,0.0,0,0.3388671875,2.4445977210998535,0.0,0,0.3388671875,0,0.3388671875
00139_0.mp4,FakeVideo-RealAudio,1,0,0.3623046875,0.08986724296430805,0.0,0,0.28984375,1.382594347000122,0.0,0,0.28984375,0,0.28984375
00015_id02071_cHuDh9F87vA.mp4,FakeVideo-RealAudio,1,0,0.3603515625,0.6724319955692553,1.0,0,0.48828125,2.1141538619995117,0.0,0,0.28828125,0,0.38828125
00073_id09171_wavtolip.mp4,FakeVideo-RealAudio,1,0,0.360107421875,0.36425597054606446,1.0,0,0.4880859375,2.9467291831970215,0.12531536792838513,0,0.31314901108567705,0,0.4006174742928385
00078_id00569_wavtolip.mp4,FakeVideo-RealAudio,1,1,0.5791015625,0.12463802920038211,0.0,0,0.46328125000000003,0.9965630769729614,0.0,0,0.46328125000000003,0,0.46328125000000003
00186_id00082_wavtolip.mp4,FakeVideo-RealAudio,1,1,0.56298828125,0.0876548368840706,0.0,0,0.45039062500000004,2.593566656112671,0.0,0,0.45039062500000004,0,0.45039062500000004
00015_id03940_wavtolip.mp4,FakeVideo-RealAudio,1,0,0.439697265625,0.1674883656589113,0.3258551440362499,0,0.41692884130725005,2.3638947010040283,0.0,0,0.35175781250000004,0,0.38434332690362505
00187_id00265_dZq57FoxXR4.mp4,FakeVideo-RealAudio,1,0,0.47998046875,0.10115930107094614,0.0,0,0.38398437500000004,1.2979286909103394,0.0,0,0.38398437500000004,0,0.38398437500000004
00043_id00180_lkeAa8Od_tg.mp4,FakeVideo-RealAudio,1,0,0.42724609375,0.1118608933362151,0.0,0,0.341796875,2.0454587936401367,0.0,0,0.341796875,0,0.341796875
00023_id05845_XfMHm6CEwPw.mp4,FakeVideo-RealAudio,1,1,0.59033203125,0.17741257842692515,0.4044162339198165,1,0.5531488717839633,1.4980967044830322,0.0,0,0.472265625,1,0.5127072483919817
00021_id00332_wavtolip.mp4,FakeVideo-RealAudio,1,0,0.403564453125,0.1154343764519651,0.0,0,0.3228515625,2.24957537651062,0.0,0,0.3228515625,0,0.3228515625
00072_id07194_wavtolip.mp4,FakeVideo-RealAudio,1,1,0.7841796875,0.11173156298569091,0.0,1,0.6273437500000001,2.951136827468872,0.12699858668623978,1,0.6527434673372481,1,0.6400436086686241
00021_id01175_wavtolip.mp4,FakeVideo-RealAudio,1,0,0.38916015625,0.2512003125881571,0.9885275333499064,1,0.5090336316699813,2.3597021102905273,0.0,0,0.311328125,0,0.4101808783349907
00050_id01598_wavtolip.mp4,FakeVideo-RealAudio,1,1,0.72607421875,0.10939171726581372,0.0,1,0.5808593750000001,2.15004301071167,0.0,1,0.5808593750000001,1,0.5808593750000001
00111_id07194_NDJaiff98Fo.mp4,FakeVideo-RealAudio,1,1,0.53369140625,0.1403329036204989,0.1108897111199574,0,0.44913106722399154,2.1063241958618164,0.0,0,0.42695312500000004,0,0.4380420961119958
00044_id01076_wavtolip.mp4,FakeVideo-RealAudio,1,0,0.368896484375,0.08610572686222936,0.0,0,0.2951171875,2.145082950592041,0.0,0,0.2951171875,0,0.2951171875
00288_id01105_wavtolip.mp4,FakeVideo-RealAudio,1,1,0.57568359375,0.23892921322005994,0.8913882475483796,1,0.638824524509676,1.1486908197402954,0.0,0,0.460546875,1,0.549685699754838
00092_id03781_wavtolip.mp4,FakeVideo-RealAudio,1,0,0.419189453125,0.16130884807511914,0.276937446715001,0,0.39073905184300023,2.8808743953704834,0.10016632972852435,0,0.3553848284457049,0,0.37306194014435257
00139_id05920_wavtolip.mp4,FakeVideo-RealAudio,1,0,0.341552734375,0.18459573146542158,0.46127881281610406,0,0.36549795006322083,2.308246612548828,0.0,0,0.2732421875,0,0.31937006878161045
00271_id01838_wavtolip.mp4,FakeVideo-RealAudio,1,0,0.403564453125,0.13823370338426363,0.09427222595538967,0,0.34170600769107795,3.9206299781799316,0.4972346938309122,0,0.42229850126618246,0,0.38200225447863023
00165_id08457_wavtolip.mp4,FakeVideo-RealAudio,1,0,0.345947265625,0.11920024962605659,0.0,0,0.27675781250000003,2.3884940147399902,0.0,0,0.27675781250000003,0,0.27675781250000003
00010_id04216_uDwxIsHkBIM.mp4,FakeVideo-RealAudio,1,0,0.362548828125,0.144044511348227,0.14027117997060376,0,0.31809329849412077,4.042046070098877,0.5436018302916703,0,0.3987594285583341,0,0.3584263635262274
00038_id07108_qwfQPcvjGRY.mp4,FakeVideo-RealAudio,1,0,0.457763671875,0.11988743340470115,0.0,0,0.3662109375,1.2155269384384155,0.0,0,0.3662109375,0,0.3662109375
00014_id00232_kL0cCveU1zg.mp4,FakeVideo-RealAudio,1,0,0.333984375,0.20893136745713758,0.6539222124700171,0,0.39797194249400347,3.3217685222625732,0.26853773604919245,0,0.3208950472098385,0,0.359433494851921
00039_id00842__jwlpdZvqus.mp4,FakeVideo-RealAudio,1,0,0.346923828125,0.6916457916716322,1.0,0,0.4775390625,2.661256790161133,0.0162973852666582,0,0.2807985395533316,0,0.37916880102666584
00017_id00306_CDX55F3nWNc.mp4,FakeVideo-RealAudio,1,0,0.387451171875,0.13656752363096994,0.08108257550950534,0,0.3261774526019011,1.9409568309783936,0.0,0,0.30996093750000003,0,0.31806919505095055
00052_id09053_6baCAGutGFg_faceswap.mp4,FakeVideo-RealAudio,1,0,0.40087890625,0.21855361001876317,0.7300928751145902,0,0.4667217000229181,3.406669855117798,0.3009603879726826,0,0.3808952025945366,0,0.42380845130872735
00083_id00417_GhIZam3v09g.mp4,FakeVideo-RealAudio,1,0,0.359619140625,0.11597328439629125,0.0,0,0.2876953125,1.2922697067260742,0.0,0,0.2876953125,0,0.2876953125
00021_id08299_wavtolip.mp4,FakeVideo-RealAudio,1,1,0.626953125,0.8857778717393644,1.0,1,0.7015625000000001,3.5458688735961914,0.3541185796339657,1,0.5723862159267932,1,0.6369743579633966
00045_id07165_oJ_iy16IBTM.mp4,FakeVideo-RealAudio,1,0,0.37939453125,0.4145381399533498,1.0,1,0.503515625,2.789827585220337,0.0653968045047442,0,0.31659498590094887,0,0.4100553054504744
00125_id00581_7AxvP19LGKg.mp4,FakeVideo-RealAudio,1,0,0.365478515625,0.10612439628486767,0.0,0,0.29238281250000003,2.0427744388580322,0.0,0,0.29238281250000003,0,0.29238281250000003
00005_id03815_wavtolip.mp4,FakeVideo-RealAudio,1,0,0.380615234375,0.17051141837574008,0.34978594053982753,0,0.37444937560796554,1.3540877103805542,0.0,0,0.3044921875,0,0.33947078155398275
00136_id00618__TwV2SmUIlY.mp4,FakeVideo-RealAudio,1,0,0.424072265625,0.20860356524157772,0.6513272963872391,0,0.46952327177744785,2.5328214168548584,0.0,0,0.33925781250000003,0,0.40439054213872394
00005_id00431_DyRvPN6rEfU.mp4,FakeVideo-RealAudio,1,0,0.355224609375,0.18294535984693286,0.4482143011926469,0,0.3738225477385294,2.496147394180298,0.0,0,0.2841796875,0,0.3290011176192647
00280_id01124_Lnf2oGSM00s.mp4,FakeVideo-RealAudio,1,0,0.42041015625,0.07996441875245666,0.0,0,0.33632812500000003,2.400261878967285,0.0,0,0.33632812500000003,0,0.33632812500000003
00072_id03599_wavtolip.mp4,FakeVideo-RealAudio,1,0,0.375732421875,0.1105162363035857,0.0,0,0.3005859375,2.7648355960845947,0.055852707405520015,0,0.31175647898110403,0,0.306171208240552
00052_id09053_6baCAGutGFg.mp4,FakeVideo-RealAudio,1,1,0.8232421875,0.08202055623243407,0.0,1,0.6585937500000001,1.9576090574264526,0.0,1,0.6585937500000001,1,0.6585937500000001
00015_id00591_1Jo8xElXQMs.mp4,FakeVideo-RealAudio,1,0,0.39404296875,0.10965937674943443,0.0,0,0.315234375,2.6748509407043457,0.021488804487481333,0,0.3195321358974963,0,0.3173832554487481
00048_id00554_crjq1dFN1Ko_faceswap.mp4,FakeVideo-RealAudio,1,0,0.3369140625,0.1243593035752721,0.0,0,0.26953125,2.2990899085998535,0.0,0,0.26953125,0,0.26953125
00273_id01838_wavtolip.mp4,FakeVideo-RealAudio,1,0,0.37890625,0.13096719267759693,0.03674977917691439,0,0.3104749558353829,1.3811135292053223,0.0,0,0.30312500000000003,0,0.3067999779176915
00078_id02268_irA9myDvW-I.mp4,FakeVideo-RealAudio,1,0,0.3193359375,0.2479473062156526,0.9627764000362575,0,0.44802403000725155,2.149942636489868,0.0,0,0.25546875,0,0.3517463900036258
00019_id04726_i72-Hb0jayI.mp4,FakeVideo-RealAudio,1,0,0.483642578125,0.10659306709768576,0.0,0,0.38691406250000004,2.3292391300201416,0.0,0,0.38691406250000004,0,0.38691406250000004
00006_id04144__FJg9YswRzQ.mp4,FakeVideo-RealAudio,1,0,0.34716796875,0.1611059147397718,0.2753310055421576,0,0.33280057610843156,2.251997232437134,0.0,0,0.27773437500000003,0,0.3052674755542158
00032_id03940_axeR0CLu96U.mp4,FakeVideo-RealAudio,1,0,0.457275390625,0.21843568838476327,0.7291593953208334,1,0.5116521915641667,5.594429969787598,1.0,1,0.5658203125000001,1,0.5387362520320834
00015_id00261_gYQ5Scz5FnA.mp4,FakeVideo-RealAudio,1,0,0.338623046875,0.18485677252073504,0.463345240681887,0,0.3635674856363774,3.0725455284118652,0.17336290063488163,0,0.30557101762697636,0,0.3345692516316769
00010_id04540_wavtolip.mp4,FakeVideo-RealAudio,1,0,0.44091796875,0.16541144730699825,0.30941404456170446,0,0.4146171839123409,3.7998673915863037,0.45111712207049914,0,0.44295779941409985,0,0.4287874916632204
00048_id00618__TwV2SmUIlY.mp4,FakeVideo-RealAudio,1,0,0.35595703125,0.12241968845315482,0.0,0,0.284765625,4.081236839294434,0.5585682463125841,0,0.39647927426251683,0,0.34062244963125843
00206_id03605_wavtolip.mp4,FakeVideo-RealAudio,1,0,0.334716796875,0.17324771769904015,0.3714467676614473,0,0.3420627910322894,2.9458158016204834,0.12496656006008085,0,0.29276674951201614,0,0.3174147702721528
00004_0.mp4,FakeVideo-RealAudio,1,1,0.5068359375,0.08366560049539118,0.0,0,0.40546875000000004,1.9500720500946045,0.0,0,0.40546875000000004,0,0.40546875000000004
00010_id00484_wavtolip.mp4,FakeVideo-RealAudio,1,0,0.32470703125,0.1376313680573773,0.08950407750253915,0,0.2776664405005078,1.0193477869033813,0.0,0,0.259765625,0,0.2687160327502539
00202_id00350_75IFJNFAMIM.mp4,FakeVideo-RealAudio,1,1,0.6396484375,0.14337119128907805,0.13494110906989748,1,0.5387069718139795,3.833575963973999,0.46398996249136376,1,0.6045167424982727,1,0.5716118571561262
00093_id00379_fgkgYHCuk4g.mp4,FakeVideo-RealAudio,1,0,0.345703125,0.13920877046114535,0.10199095731071729,0,0.29696069146214343,2.5469608306884766,0.0,0,0.2765625,0,0.28676159573107174
00031_id01597_wavtolip.mp4,FakeVideo-RealAudio,1,0,0.41162109375,0.23210728263490216,0.8373851427774517,0,0.4967739035554904,2.8465211391448975,0.08704729341209859,0,0.34670633368241977,0,0.4217401186189551
00017_id00126_wavtolip.mp4,FakeVideo-RealAudio,1,0,0.328369140625,0.10722746583596343,0.0,0,0.2626953125,2.0262930393218994,0.0,0,0.2626953125,0,0.2626953125
00005_id03371_wavtolip.mp4,FakeVideo-RealAudio,1,1,0.71826171875,0.09148939893715925,0.0,1,0.574609375,2.2340457439422607,0.0,1,0.574609375,1,0.574609375
00092_id06752_wavtolip.mp4,FakeVideo-RealAudio,1,0,0.364013671875,0.2008475288426802,0.5899297138366236,0,0.4091968802673247,2.560472249984741,0.0,0,0.2912109375,0,0.3502039088836624
00253_id01168_Uz7M0nTbgWM.mp4,FakeVideo-RealAudio,1,0,0.351806640625,0.2419764249775098,0.9155102895044781,0,0.4645473704008956,3.213017702102661,0.22700729277038684,0,0.32684677105407733,0,0.3956970707274865
00069_id06594_wavtolip.mp4,FakeVideo-RealAudio,1,0,0.3876953125,0.17310211124125324,0.3702941319526792,0,0.38421507639053587,3.505798816680908,0.3388163757199936,0,0.37791952514399874,0,0.3810673007672673
00023_id06254_wavtolip.mp4,FakeVideo-RealAudio,1,0,0.3544921875,0.11848194801852094,0.0,0,0.28359375000000003,1.9804911613464355,0.0,0,0.28359375000000003,0,0.28359375000000003
00113_id01005_wavtolip.mp4,FakeVideo-RealAudio,1,0,0.414306640625,0.1382240807005045,0.09419605180018009,0,0.35028452286003603,2.756309747695923,0.05259680310623496,0,0.341964673121247,0,0.34612459799064155
00020_id04414_0sJN-9GIO-M.mp4,FakeVideo-RealAudio,1,0,0.42333984375,0.19967082946496287,0.5806148404315778,0,0.45479484308631557,3.8741161823272705,0.4794717145954418,0,0.4345662179190884,0,0.44468053050270195
00072_id01157_yDgqfOWVKko.mp4,FakeVideo-RealAudio,1,0,0.3818359375,0.09390850028562343,0.0,0,0.30546875,1.9877166748046875,0.0,0,0.30546875,0,0.30546875
00118_id00987_wavtolip.mp4,FakeVideo-RealAudio,1,1,0.52197265625,0.19892609707597456,0.5747194621765807,1,0.5325220174353161,2.076200008392334,0.0,0,0.417578125,0,0.4750500712176581
00083_id05235_ASy8lP3SRtw_id05231_wavtolip.mp4,FakeVideo-FakeAudio,1,1,0.890625,0.466576584108187,1.0,1,0.9125000000000001,0.9095922112464905,0.0,1,0.7125,1,0.8125
00021_id00761_wavtolip.mp4,FakeVideo-FakeAudio,1,1,0.96533203125,0.11065316808998893,0.0,1,0.7722656250000001,3.071791172027588,0.17307482230146615,1,0.8068805894602933,1,0.7895731072301467
00202_id08457_vFyjAJwQulM_id00860_wavtolip.mp4,FakeVideo-FakeAudio,1,1,0.9296875,0.14744236185594528,0.1671689143690574,1,0.7771837828738115,2.936797618865967,0.12152264003434099,1,0.7680545280068682,1,0.7726191554403399
00195_id04526_wavtolip.mp4,FakeVideo-FakeAudio,1,0,0.425048828125,0.14498138518299503,0.14768756968969515,0,0.36957657643793906,4.546329975128174,0.736180921497034,0,0.4872752467994068,0,0.42842591161867294
00146_id00745_eODND1ul7vE_faceswap_id06334_wavtolip.mp4,FakeVideo-FakeAudio,1,1,0.845703125,0.08987448620172,0.0,1,0.6765625000000001,1.8258460760116577,0.0,1,0.6765625000000001,1,0.6765625000000001
00051_id04884_wavtolip.mp4,FakeVideo-FakeAudio,1,1,0.93603515625,0.10722030742767906,0.0,1,0.7488281250000001,2.641449451446533,0.008733234892608877,1,0.7505747719785218,1,0.7497014484892609
00001_id01907_LBcRkuRq0uY_id04540_wavtolip.mp4,FakeVideo-FakeAudio,1,1,0.92138671875,0.20511130880980075,0.6236822349756626,1,0.8618458219951326,4.625951766967773,0.7665873892817274,1,0.8904268528563456,1,0.876136337425739
00028_id01099_wavtolip.mp4,FakeVideo-FakeAudio,1,1,0.86279296875,0.08997368745187777,0.0,1,0.6902343750000001,1.9018622636795044,0.0,1,0.6902343750000001,1,0.6902343750000001
00042_id02071_wavtolip.mp4,FakeVideo-FakeAudio,1,1,0.90966796875,0.33086964129122487,1.0,1,0.927734375,3.274629831314087,0.25053611796673037,1,0.7778415985933461,1,0.8527879867966731
00046_id00234_wavtolip.mp4,FakeVideo-FakeAudio,1,1,0.76318359375,0.1299762381497208,0.028905281124039263,1,0.6163279312248079,3.497098445892334,0.3354938237152534,1,0.6776456397430507,1,0.6469867854839293
00053_id00062_bctnrIvZHTs_id01239_wavtolip.mp4,FakeVideo-FakeAudio,1,1,0.90185546875,0.1988637317718348,0.5742257720090411,1,0.8363295294018083,2.3659770488739014,0.0,1,0.7214843750000001,1,0.7789069522009042
00167_3_id01392_wavtolip.mp4,FakeVideo-FakeAudio,1,1,0.9560546875,0.19630032383117635,0.5539335708700867,1,0.8756304641740174,4.687015056610107,0.7899066201912434,1,0.9228250740382488,1,0.899227769106133
00320_id01544_wavtolip.mp4,FakeVideo-FakeAudio,1,1,0.94970703125,0.1662548388543368,0.31609041887031025,1,0.822983708774062,2.5963361263275146,0.0,1,0.759765625,1,0.7913746668870311
00080_id05251_wavtolip.mp4,FakeVideo-FakeAudio,1,1,0.7626953125,0.11495232457634537,0.0,1,0.6101562500000001,3.3929765224456787,0.29573109246023466,1,0.669302468492047,1,0.6397293592460236
00241_id07058_JXJTxhrICl0_id07163_wavtolip.mp4,FakeVideo-FakeAudio,1,1,0.85595703125,0.08126576656322673,0.0,1,0.684765625,1.8182083368301392,0.0,1,0.684765625,1,0.684765625
00154_id00459_wavtolip.mp4,FakeVideo-FakeAudio,1,1,0.97265625,0.03962918688499469,0.0,1,0.7781250000000001,1.0131900310516357,0.0,1,0.7781250000000001,1,0.7781250000000001
00015_id00919_wavtolip.mp4,FakeVideo-FakeAudio,1,1,0.93359375,0.13383957846403347,0.05948788074964807,1,0.7587725761499297,1.168041467666626,0.0,1,0.7468750000000001,1,0.7528237880749649
00001_id00633_wavtolip.mp4,FakeVideo-FakeAudio,1,1,0.7001953125,0.13839654763504244,0.09556131780796352,1,0.5792685135615927,2.283386468887329,0.0,1,0.56015625,1,0.5697123817807964
00053_id01521_wavtolip.mp4,FakeVideo-FakeAudio,1,1,0.859375,0.10320050380589123,0.0,1,0.6875,1.0227981805801392,0.0,1,0.6875,1,0.6875
00048_id00183_wavtolip.mp4,FakeVideo-FakeAudio,1,1,0.94921875,0.13884056855380766,0.09907623310902669,1,0.7791902466218054,2.262416362762451,0.0,1,0.759375,1,0.7692826233109027
00105_id02587_KzwJPH5_8j0_id05576_wavtolip.mp4,FakeVideo-FakeAudio,1,1,0.8076171875,0.10950890625624862,0.0,1,0.64609375,1.936855673789978,0.0,1,0.64609375,1,0.64609375
00028_id00498_wavtolip.mp4,FakeVideo-FakeAudio,1,1,0.93408203125,0.10056083720892385,0.0,1,0.747265625,1.4308806657791138,0.0,1,0.747265625,1,0.747265625
00470_id01044_yL58R6zBNf4_id01192_wavtolip.mp4,FakeVideo-FakeAudio,1,1,0.87060546875,0.10960250723355894,0.0,1,0.696484375,2.9552948474884033,0.12858647737358686,1,0.7222016704747174,1,0.7093430227373587
00015_id08457_vFyjAJwQulM_id03344_wavtolip.mp4,FakeVideo-FakeAudio,1,1,0.66015625,0.13374301502061756,0.05872347459119545,1,0.5398696949182391,5.1011128425598145,0.9480448722612055,1,0.7177339744522412,1,0.6288018346852402
00143_id01238_VPdv2sexRy0_id00381_wavtolip.mp4,FakeVideo-FakeAudio,1,1,0.654296875,0.25248912895813513,0.9987299364071636,1,0.7231834872814327,1.592836856842041,0.0,1,0.5234375,1,0.6233104936407163
00052_id00234_M3g5KRLJB60_faceswap_id00806_wavtolip.mp4,FakeVideo-FakeAudio,1,1,0.763671875,0.21885483608520237,0.7324774116651441,1,0.7574329823330288,3.7464869022369385,0.4307318469814575,1,0.6970838693962915,1,0.7272584258646602
00135_id04529_wavtolip.mp4,FakeVideo-FakeAudio,1,1,0.86865234375,0.11186178694326597,0.0,1,0.694921875,1.9103206396102905,0.0,1,0.694921875,1,0.694921875
00118_id00476_UgdYVJ6xPYg_id00076_wavtolip.mp4,FakeVideo-FakeAudio,1,1,0.9443359375,0.1591540428100955,0.25987978641848714,1,0.8074447072836974,0.9103870391845703,0.0,1,0.75546875,1,0.7814567286418488
00001_id04691_wavtolip.mp4,FakeVideo-FakeAudio,1,1,0.95068359375,0.10565132012171619,0.0,1,0.7605468750000001,1.9098234176635742,0.0,1,0.7605468750000001,1,0.7605468750000001
00053_id01192_wavtolip.mp4,FakeVideo-FakeAudio,1,1,0.91162109375,0.16428772292864519,0.3005185267049448,1,0.789400580340989,2.520714282989502,0.0,1,0.7292968750000001,1,0.7593487276704945
00025_id06437_wavtolip.mp4,FakeVideo-FakeAudio,1,1,0.91845703125,0.2540146140849785,1.0,1,0.934765625,4.440092086791992,0.6956101323377604,1,0.8738876514675522,1,0.9043266382337761
00135_id01026_rM4ZERt7oM0_id04583_wavtolip.mp4,FakeVideo-FakeAudio,1,0,0.482666015625,0.09395413295742071,0.0,0,0.38613281250000003,2.1901276111602783,0.0,0,0.38613281250000003,0,0.38613281250000003
00183_2_id04687_wavtolip.mp4,FakeVideo-FakeAudio,1,1,1.0,0.14449783458820636,0.14385973340399177,1,0.8287719466807983,1.6723777055740356,0.0,1,0.8,1,0.8143859733403992
00114_id00103_qpTVaP4y5DQ_faceswap_id07194_wavtolip.mp4,FakeVideo-FakeAudio,1,1,0.96630859375,0.0742338362981836,0.0,1,0.773046875,2.6802613735198975,0.02355497440536936,1,0.7777578698810739,1,0.775402372440537
00052_2_id03559_wavtolip.mp4,FakeVideo-FakeAudio,1,0,0.45556640625,0.08657315426243006,0.0,0,0.36445312500000004,1.8730837106704712,0.0,0,0.36445312500000004,0,0.36445312500000004
00001_id00568_gakhcJXnJZ8_id03656_wavtolip.mp4,FakeVideo-FakeAudio,1,1,0.94189453125,0.20939503729753844,0.6575926706574348,1,0.885034159131487,4.172496318817139,0.5934189870462905,1,0.8721994224092582,1,0.8786167907703726
00130_id05252_CMxIX3absYM_id02721_wavtolip.mp4,FakeVideo-FakeAudio,1,1,0.7431640625,0.4322808218229274,1.0,1,0.7945312500000001,3.041900873184204,0.1616601280593781,1,0.6268632756118757,1,0.7106972628059379
00012_0_id01168_wavtolip.mp4,FakeVideo-FakeAudio,1,1,0.923828125,0.187436930360595,0.483770035747178,1,0.8358165071494357,3.6005349159240723,0.3749947897336825,1,0.8140614579467366,1,0.8249389825480862
00065_id02586_wavtolip.mp4,FakeVideo-FakeAudio,1,1,0.75634765625,0.2854863971646602,1.0,1,0.8050781250000001,2.3730130195617676,0.0,1,0.605078125,1,0.705078125
00021_id00179_Ux9OYyipQi8_faceswap_id00169_wavtolip.mp4,FakeVideo-FakeAudio,1,1,0.95947265625,0.23555566599033642,0.8646829004003451,1,0.9405147050800691,2.3202757835388184,0.0,1,0.767578125,1,0.8540464150400345
00181_id00029_wavtolip.mp4,FakeVideo-FakeAudio,1,1,0.90283203125,0.0759004728100111,0.0,1,0.722265625,1.268391728401184,0.0,1,0.722265625,1,0.722265625
00078_id00042_wavtolip.mp4,FakeVideo-FakeAudio,1,1,0.8857421875,0.1358044357884472,0.07504189359479428,1,0.7236021287189589,0.9719289541244507,0.0,1,0.70859375,1,0.7160979393594794
00040_id04562_qio_Gs7wjvY_faceswap_id00078_wavtolip.mp4,FakeVideo-FakeAudio,1,1,0.93994140625,0.1561159096620192,0.23582961166875405,1,0.7991190473337508,1.9852650165557861,0.0,1,0.751953125,1,0.7755360861668754
00002_2_id00944_wavtolip.mp4,FakeVideo-FakeAudio,1,1,0.88427734375,0.1516487495590039,0.20046711243774434,1,0.747515297487549,1.5292450189590454,0.0,1,0.7074218750000001,1,0.7274685862437745
00078_id00272_wavtolip.mp4,FakeVideo-FakeAudio,1,1,0.91552734375,0.21586043715633416,0.7087734414967223,1,0.8741765632993445,2.22688627243042,0.0,1,0.732421875,1,0.8032992191496722
00037_id00292_wavtolip.mp4,FakeVideo-FakeAudio,1,1,0.9189453125,0.0929947530552064,0.0,1,0.7351562500000001,1.6921708583831787,0.0,1,0.7351562500000001,1,0.7351562500000001
00183_id04789_wavtolip.mp4,FakeVideo-FakeAudio,1,1,0.939453125,0.11878072294567649,0.0,1,0.7515625,3.2528464794158936,0.24221735532107938,1,0.8000059710642159,1,0.775784235532108
00253_id01044_wavtolip.mp4,FakeVideo-FakeAudio,1,1,0.82080078125,0.2435242639278069,0.9277631419716782,1,0.8421932533943357,3.0618865489959717,0.1692923829193297,1,0.6904991015838661,1,0.7663461774891009
00059_id00832_wavtolip.mp4,FakeVideo-FakeAudio,1,1,0.95751953125,0.09906112615598332,0.0,1,0.7660156250000001,2.855292320251465,0.09039688690388824,1,0.7840950023807778,1,0.7750553136903889
00044_id01052_Kf4nlIEHfaU_id00520_wavtolip.mp4,FakeVideo-FakeAudio,1,1,0.7578125,0.09459723653326563,0.0,1,0.6062500000000001,3.8075389862060547,0.4540467985984101,1,0.6970593597196821,1,0.651654679859841
00015_id00417_GhIZam3v09g_faceswap_id05920_wavtolip.mp4,FakeVideo-FakeAudio,1,1,0.53955078125,0.15190367928226026,0.20248516236985434,0,0.47213765747397085,4.7080397605896,0.7979356656254758,1,0.5912277581250952,1,0.531682707799533
00021_id00806_0sk9s9lFIAk_id00042_wavtolip.mp4,FakeVideo-FakeAudio,1,1,0.90576171875,0.09783141860961768,0.0,1,0.724609375,1.967129111289978,0.0,1,0.724609375,1,0.724609375
00002_id00495_wavtolip.mp4,FakeVideo-FakeAudio,1,1,0.8828125,0.16941040745429733,0.3410702247461241,1,0.7744640449492248,3.3435702323913574,0.2768635094507451,1,0.761622701890149,1,0.768043373419687
00143_id04216_uDwxIsHkBIM_id01035_wavtolip.mp4,FakeVideo-FakeAudio,1,1,0.98876953125,0.11292731630759673,0.0,1,0.791015625,1.641543984413147,0.0,1,0.791015625,1,0.791015625
00005_id00271_je6JSLqEEcw_id00232_wavtolip.mp4,FakeVideo-FakeAudio,1,0,0.469482421875,0.21914683199409069,0.7347888813383603,1,0.5225437137676721,3.825824499130249,0.4610297846228415,0,0.4677918944245683,0,0.4951678040961202
00160_id05631_xXRQCFAdR-0_id06443_wavtolip.mp4,FakeVideo-FakeAudio,1,1,0.60302734375,0.18027816352865517,0.42710050057234167,1,0.5678419751144683,1.4558433294296265,0.0,0,0.482421875,1,0.5251319250572342
00005_id05252_wavtolip.mp4,FakeVideo-FakeAudio,1,1,0.9189453125,0.2935235437821383,1.0,1,0.9351562500000001,2.349241018295288,0.0,1,0.7351562500000001,1,0.83515625
00005_id00366_RSOgEoek8WM_id02268_wavtolip.mp4,FakeVideo-FakeAudio,1,1,0.73876953125,0.089686999614924,0.0,1,0.591015625,0.9874166250228882,0.0,1,0.591015625,1,0.591015625
00038_id00078_wavtolip.mp4,FakeVideo-FakeAudio,1,1,0.91455078125,0.10165197672634681,0.0,1,0.731640625,1.2821780443191528,0.0,1,0.731640625,1,0.731640625
00083_id03815_hw41YlLps4w_id05435_wavtolip.mp4,FakeVideo-FakeAudio,1,1,0.85205078125,0.12285519741670757,0.0,1,0.681640625,1.387420654296875,0.0,1,0.681640625,1,0.681640625
00015_id01783_wavtolip.mp4,FakeVideo-FakeAudio,1,1,0.9072265625,0.14038768127861692,0.11132333670050625,1,0.7480459173401013,1.6750152111053467,0.0,1,0.72578125,1,0.7369135836700507
00154_id04537_G1e1UFopjfI_faceswap_id00860_wavtolip.mp4,FakeVideo-FakeAudio,1,1,0.9638671875,0.0385041664813093,0.0,1,0.77109375,0.9587516188621521,0.0,1,0.77109375,1,0.77109375
00273_id00577_wavtolip.mp4,FakeVideo-FakeAudio,1,1,0.69189453125,0.12768401952014358,0.010759842488200486,1,0.5556675934976402,1.3016197681427002,0.0,1,0.5535156250000001,1,0.5545916092488201
00012_3_id01124_wavtolip.mp4,FakeVideo-FakeAudio,1,1,0.95703125,0.12882989328578845,0.019830697174850236,1,0.76959113943497,2.534970283508301,0.0,1,0.765625,1,0.7676080697174851
00135_id02619_6AKIR2gTCNU_id04490_wavtolip.mp4,FakeVideo-FakeAudio,1,1,0.89453125,0.11708171049656688,0.0,1,0.7156250000000001,2.1898510456085205,0.0,1,0.7156250000000001,1,0.7156250000000001
00195_id00458_K4t1pQZL7ck_faceswap_id01225_wavtolip.mp4,FakeVideo-FakeAudio,1,1,0.92919921875,0.17879575265346667,0.41536558348295655,1,0.8264324916965914,3.5113422870635986,0.3409333508559745,1,0.8115460451711949,1,0.8189892684338932
00257_0_id03678_wavtolip.mp4,FakeVideo-FakeAudio,1,1,0.93408203125,0.20707902770623093,0.6392589003194652,1,0.8751174050638931,1.5967319011688232,0.0,1,0.747265625,1,0.8111915150319465
00110_2_id00126_wavtolip.mp4,FakeVideo-FakeAudio,1,1,0.61376953125,0.10787847581826822,0.0,0,0.491015625,2.2692251205444336,0.0,0,0.491015625,0,0.491015625
00005_id00169_wavtolip.mp4,FakeVideo-FakeAudio,1,1,0.9228515625,0.07055212904011886,0.0,1,0.73828125,2.312927722930908,0.0,1,0.73828125,1,0.73828125
00278_id01201_Q8XWfmNiWYA_id00052_wavtolip.mp4,FakeVideo-FakeAudio,1,1,0.759765625,0.10651065433715041,0.0,1,0.6078125000000001,1.5241258144378662,0.0,1,0.6078125000000001,1,0.6078125000000001
00015_id09171_wavtolip.mp4,FakeVideo-FakeAudio,1,1,0.818359375,0.20935267013314526,0.6572572878227648,1,0.7861389575645531,1.3893580436706543,0.0,1,0.6546875000000001,1,0.7204132287822765
00186_id03344_vyNnOo6lU0o_id07210_wavtolip.mp4,FakeVideo-FakeAudio,1,1,0.9736328125,0.10241326623746527,0.0,1,0.77890625,2.575756072998047,0.0,1,0.77890625,1,0.77890625
00010_id01907_wavtolip.mp4,FakeVideo-FakeAudio,1,1,0.6884765625,0.16122702102155514,0.27628969533560016,1,0.6060391890671201,3.769792079925537,0.43963177397672637,1,0.6387076047953453,1,0.6223733969312326
00125_id00373_5NXv3Dxkd6E_id03858_wavtolip.mp4,FakeVideo-FakeAudio,1,1,0.599609375,0.118922194026858,0.0,0,0.47968750000000004,1.9705424308776855,0.0,0,0.47968750000000004,0,0.47968750000000004
00030_id06462_Nn79kE76MA4_faceswap_id02587_wavtolip.mp4,FakeVideo-FakeAudio,1,1,0.9462890625,0.1041764048101248,0.0,1,0.75703125,1.1654703617095947,0.0,1,0.75703125,1,0.75703125
00340_id03205_wavtolip.mp4,FakeVideo-FakeAudio,1,1,0.92919921875,0.07572416191335284,0.0,1,0.743359375,3.4311814308166504,0.31032102178434917,1,0.8054235793568699,1,0.7743914771784349
00195_id00816_wavtolip.mp4,FakeVideo-FakeAudio,1,1,0.95166015625,0.14474549339998724,0.14582022605238432,1,0.7904921702104769,4.560502529144287,0.7415932250531497,1,0.90964677001063,1,0.8500694701105534
00110_id00863_wavtolip.mp4,FakeVideo-FakeAudio,1,1,0.9541015625,0.12593122101038548,0.0,1,0.76328125,1.9416428804397583,0.0,1,0.76328125,1,0.76328125
00028_id00835_zWTp4szbb5k_id00848_wavtolip.mp4,FakeVideo-FakeAudio,1,1,0.89697265625,0.23835116574317536,0.8868123642163673,1,0.8949405978432735,1.4899749755859375,0.0,1,0.7175781250000001,1,0.8062593614216368
00253_id03757_L-M-XbdFLQM_id00345_wavtolip.mp4,FakeVideo-FakeAudio,1,1,0.92431640625,0.2380711849239837,0.8845960072300394,1,0.916372326446008,2.845879316329956,0.08680219010187278,1,0.7568135630203746,1,0.8365929447331912
00005_id07194_NDJaiff98Fo_faceswap_id03945_wavtolip.mp4,FakeVideo-FakeAudio,1,1,0.91748046875,0.07739675842521321,0.0,1,0.733984375,2.931509494781494,0.11950317813953834,1,0.7578850106279077,1,0.7459346928139539
00040_id00265_dZq57FoxXR4_id00519_wavtolip.mp4,FakeVideo-FakeAudio,1,1,0.9091796875,0.12981703302615372,0.027644996977090032,1,0.732872749395418,1.3049731254577637,0.0,1,0.7273437500000001,1,0.730108249697709
00015_id06354_PmWLmcJNUhM_faceswap_id00414_wavtolip.mp4,FakeVideo-FakeAudio,1,1,0.7744140625,0.12041693683189367,0.0,1,0.6195312500000001,5.155033111572266,0.9686362817835128,1,0.8132585063567026,1,0.7163948781783513
00028_id07686_wavtolip.mp4,FakeVideo-FakeAudio,1,1,0.912109375,0.2471363350002243,0.9563566684124465,1,0.9209588336824893,2.2185914516448975,0.0,1,0.7296875,1,0.8253231668412447
00052_id01207_mt129WTRSII_id02005_wavtolip.mp4,FakeVideo-FakeAudio,1,1,0.9658203125,0.173780173755866,0.3756617446190318,1,0.8477885989238064,1.7068891525268555,0.0,1,0.77265625,1,0.8102224244619032
00118_id00082_wavtolip (1).mp4,FakeVideo-FakeAudio,1,1,0.88525390625,0.09776165401031149,0.0,1,0.708203125,1.3059048652648926,0.0,1,0.708203125,1,0.708203125
00167_id00391_TjJgUZaenWI_id01598_wavtolip.mp4,FakeVideo-FakeAudio,1,1,0.96484375,0.20721477942019012,0.6403335248616323,1,0.8999417049723266,1.5691624879837036,0.0,1,0.7718750000000001,1,0.8359083524861634
00013_id00488_wavtolip.mp4,FakeVideo-FakeAudio,1,1,0.62890625,0.09540508405986038,0.0,1,0.503125,1.139482021331787,0.0,1,0.503125,1,0.503125
00028_id00169__V1xAwwG29U_id00243_wavtolip.mp4,FakeVideo-FakeAudio,1,1,0.9619140625,0.14548477093831572,0.15167242314802848,1,0.7998657346296056,1.7417963743209839,0.0,1,0.76953125,1,0.7846984923148028
00186_id07194_wavtolip.mp4,FakeVideo-FakeAudio,1,1,0.96435546875,0.08847261533367798,0.0,1,0.771484375,2.645249128341675,0.010184279266705799,1,0.7735212308533411,1,0.7725028029266706
00027_id05251_wavtolip.mp4,FakeVideo-FakeAudio,1,1,0.85009765625,0.09428563728607568,0.0,1,0.6800781250000001,1.8560758829116821,0.0,1,0.6800781250000001,1,0.6800781250000001
00048_id09171_wavtolip.mp4,FakeVideo-FakeAudio,1,1,0.88623046875,0.07243705786856175,0.0,1,0.708984375,1.4533625841140747,0.0,1,0.708984375,1,0.708984375
00004_id00484_u7YTz8eFZv0_id00188_wavtolip.mp4,FakeVideo-FakeAudio,1,1,0.89111328125,0.48630469892685735,1.0,1,0.912890625,2.594547986984253,0.0,1,0.712890625,1,0.812890625
00161_id05845_XfMHm6CEwPw_faceswap_id06439_wavtolip.mp4,FakeVideo-FakeAudio,1,1,0.93359375,0.17551744203169128,0.3894141391272255,1,0.8247578278254452,1.804945468902588,0.0,1,0.7468750000000001,1,0.7858164139127226
00028_id04599_Q60DPi5Nhmk_id03945_wavtolip.mp4,FakeVideo-FakeAudio,1,1,0.8994140625,0.1355216055876265,0.07280298061017178,1,0.7340918461220344,3.120199203491211,0.19156118407770326,1,0.7578434868155407,1,0.7459676664687875
00120_id01098_wavtolip.mp4,FakeVideo-FakeAudio,1,1,0.96826171875,0.09022472045981574,0.0,1,0.774609375,1.606557846069336,0.0,1,0.774609375,1,0.774609375
00025_id00088_wavtolip.mp4,FakeVideo-FakeAudio,1,1,0.96875,0.15786762885441982,0.2496964011201552,1,0.8249392802240311,1.186036229133606,0.0,1,0.775,1,0.7999696401120155
00078_2_id00025_wavtolip.mp4,FakeVideo-FakeAudio,1,1,0.955078125,0.10063818007762845,0.0,1,0.7640625000000001,3.0564095973968506,0.16720081039239523,1,0.7975026620784791,1,0.7807825810392396
00066_id03889_wavtolip.mp4,FakeVideo-FakeAudio,1,1,0.98046875,0.07206727204640147,0.0,1,0.784375,1.766093134880066,0.0,1,0.784375,1,0.784375
00040_id04599_wavtolip.mp4,FakeVideo-FakeAudio,1,1,0.8388671875,0.1319115607728589,0.044225494233545104,1,0.6799388488467091,2.10876202583313,0.0,1,0.67109375,1,0.6755162994233546
00051_id05268_wavtolip.mp4,FakeVideo-FakeAudio,1,1,0.95068359375,0.06677780127996395,0.0,1,0.7605468750000001,1.4933096170425415,0.0,1,0.7605468750000001,1,0.7605468750000001
00248_id07768_wavtolip.mp4,FakeVideo-FakeAudio,1,1,0.9306640625,0.1665670872075099,0.31856220897729887,1,0.8082436917954599,2.0076639652252197,0.0,1,0.7445312500000001,1,0.77638747089773
00048_id00292_qELK8N_DykA_id00554_wavtolip.mp4,FakeVideo-FakeAudio,1,1,0.89892578125,0.12101834379062715,0.0,1,0.7191406250000001,2.0187463760375977,0.0,1,0.7191406250000001,1,0.7191406250000001
00126_id00709_Rh23ELMGsIQ_id01058_wavtolip.mp4,FakeVideo-FakeAudio,1,1,0.95458984375,0.1099380501616636,0.0,1,0.763671875,1.5783874988555908,0.0,1,0.763671875,1,0.763671875
00368_id07200_quCElxMhW6g_id03344_wavtolip.mp4,FakeVideo-FakeAudio,1,1,0.94970703125,0.10166126822896795,0.0,1,0.759765625,1.4193429946899414,0.0,1,0.759765625,1,0.759765625
00028_id00569_gSynmpwioV4_id00262_wavtolip.mp4,FakeVideo-FakeAudio,1,1,0.75927734375,0.17136138397229564,0.35651435569877665,1,0.6787247461397553,2.110340118408203,0.0,1,0.607421875,1,0.6430733105698777
00028_id01245_7pYBPczR_z0_id01005_wavtolip.mp4,FakeVideo-FakeAudio,1,1,0.93505859375,0.11073000785697412,0.0,1,0.748046875,3.2176902294158936,0.22879166672053752,1,0.7938052083441075,1,0.7709260416720538
00078_id00330_zCFFgGSIZ_s_faceswap_id00569_wavtolip.mp4,FakeVideo-FakeAudio,1,1,0.9482421875,0.09430923703544448,0.0,1,0.7585937500000001,1.7640080451965332,0.0,1,0.7585937500000001,1,0.7585937500000001
00217_id00169_wavtolip.mp4,FakeVideo-FakeAudio,1,1,0.95166015625,0.15095440503686125,0.19497060972369304,1,0.8003222469447386,1.1865899562835693,0.0,1,0.761328125,1,0.7808251859723694
00241_id00062_bctnrIvZHTs_id01168_wavtolip.mp4,FakeVideo-FakeAudio,1,1,0.92529296875,0.08895343336074349,0.0,1,0.740234375,0.7320901155471802,0.0,1,0.740234375,1,0.740234375
00015_id03945_wavtolip.mp4,FakeVideo-FakeAudio,1,1,0.8388671875,0.1288294790069511,0.019827417700927375,1,0.6750592335401855,5.531665802001953,1.0,1,0.87109375,1,0.7730764917700927
00052_id01589_ZCwF6XVRiAU_faceswap_id04691_wavtolip.mp4,FakeVideo-FakeAudio,1,1,0.9375,0.12832539540944493,0.015837040052016946,1,0.7531674080104034,4.321627140045166,0.6503699976503957,1,0.8800739995300791,1,0.8166207037702413
00470_id00594_2WHHoksbeVw_faceswap_id01102_wavtolip.mp4,FakeVideo-FakeAudio,1,1,0.97119140625,0.08499066928063578,0.0,1,0.776953125,0.7311277389526367,0.0,1,0.776953125,1,0.776953125
00092_id00358_vsVwGKy79kM_id00548_wavtolip.mp4,FakeVideo-FakeAudio,1,1,0.96435546875,0.09685280137166476,0.0,1,0.771484375,2.1391584873199463,0.0,1,0.771484375,1,0.771484375
00056_id02721_rwNm8RKL47Y_id04820_wavtolip.mp4,FakeVideo-FakeAudio,1,1,0.78076171875,0.14823592858125223,0.17345087025742592,1,0.6592995490514852,2.2228167057037354,0.0,1,0.624609375,1,0.6419544620257426
00010_id00701_lW6uzLIOwd0_id00366_wavtolip.mp4,FakeVideo-FakeAudio,1,1,0.90771484375,0.19246940727026562,0.5236076410141528,1,0.8308934032028306,3.93784761428833,0.5038098723789315,1,0.8269338494757863,1,0.8289136263393084
00005_id03747_wavtolip.mp4,FakeVideo-FakeAudio,1,0,0.38525390625,0.10824470116863383,0.0,0,0.308203125,1.3044849634170532,0.0,0,0.308203125,0,0.308203125
00005_id06470_XoAiqCrOlyk_faceswap_id05383_wavtolip.mp4,FakeVideo-FakeAudio,1,1,0.97607421875,0.13066698639284463,0.034373315323171644,1,0.7877340380646344,1.4771368503570557,0.0,1,0.780859375,1,0.7842967065323172
00092_id00581_7AxvP19LGKg_id00581_wavtolip.mp4,FakeVideo-FakeAudio,1,0,0.48681640625,0.12286010532119136,0.0,0,0.389453125,2.079474925994873,0.0,0,0.389453125,0,0.389453125
00001_id06878_wavtolip.mp4,FakeVideo-FakeAudio,1,1,0.9228515625,0.089259658932909,0.0,1,0.73828125,1.6446601152420044,0.0,1,0.73828125,1,0.73828125
00053_id00529_xtx2GeQN-DQ_id01210_wavtolip.mp4,FakeVideo-FakeAudio,1,1,0.9345703125,0.10113917427856296,0.0,1,0.74765625,1.8144776821136475,0.0,1,0.74765625,1,0.74765625
00015_id00374_wavtolip.mp4,FakeVideo-FakeAudio,1,1,0.50439453125,0.10590068398227773,0.0,0,0.40351562500000004,0.823628842830658,0.0,0,0.40351562500000004,0,0.40351562500000004
00050_id00475_xQjvXRcnPvw_faceswap_id04727_wavtolip.mp4,FakeVideo-FakeAudio,1,1,0.94482421875,0.1137433096553519,0.0,1,0.755859375,2.1726255416870117,0.0,1,0.755859375,1,0.755859375
00160_0_id03668_wavtolip.mp4,FakeVideo-FakeAudio,1,1,0.9384765625,0.1004901459163827,0.0,1,0.7507812500000001,2.0053913593292236,0.0,1,0.7507812500000001,1,0.7507812500000001
00012_id04221_5XfsCrxGvj4_id00049_wavtolip.mp4,FakeVideo-FakeAudio,1,1,0.93408203125,0.40823914632013586,1.0,1,0.947265625,1.4652377367019653,0.0,1,0.747265625,1,0.847265625
