Model,Description,Accuracy,Balanced_Accuracy,ROC-AUC,F1,FPR,FNR,FVRA_Recall,Visual_Contribution,Audio_Reliance,Robustness
Model A,Current Baseline,0.75,0.833,0.791,0.80,0.0,0.33,0.0,Near-Zero,Dominant,Unknown
Model B,Independent Visual Baseline,PENDING,PENDING,PENDING,PENDING,PENDING,PENDING,PENDING,PENDING,PENDING,PENDING
Model C,Audio Baseline,PENDING,PENDING,PENDING,PENDING,PENDING,PENDING,PENDING,PENDING,PENDING,PENDING
Model D,Modality Dropout,PENDING,PENDING,PENDING,PENDING,PENDING,PENDING,PENDING,PENDING,PENDING,PENDING
Model E,Multitask Heads,PENDING,PENDING,PENDING,PENDING,PENDING,PENDING,PENDING,PENDING,PENDING,PENDING
Model F1,Late Fusion,PENDING,PENDING,PENDING,PENDING,PENDING,PENDING,PENDING,PENDING,PENDING,PENDING
Model F2,Gated Fusion,PENDING,PENDING,PENDING,PENDING,PENDING,PENDING,PENDING,PENDING,PENDING,PENDING
Model G,A/V Sync Head,PENDING,PENDING,PENDING,PENDING,PENDING,PENDING,PENDING,PENDING,PENDING,PENDING
Final,Full System (Combined),PENDING,PENDING,PENDING,PENDING,PENDING,PENDING,PENDING,PENDING,PENDING,PENDING
